use intercity_bus_service;

-- ------------------ --
-- Справочник городов --
-- ------------------ --
INSERT INTO city (city) 
VALUES
('Владивосток'),
('Арсеньев'),
('Артём'),
('Большой Камень'),
('Вострецово'),
('Врангель'),
('Дальнегорск'),
('Заводской'),
('Зарубино'),
('Камень-Рыболов'),
('Краскино'),
('Лесозаводск'),
('Лучегорск'),
('Михайловка'),
('Находка'),
('Новопокровка'),
('Новошахтинск'),
('Ольга'),
('Партизанск'),
('Пограничный'),
('Сергеевка'),
('Славянка'),
('Спасск'),
('Терней'),
('Уссурийск'),
('Хороль'),
('Черниговка'),
('Чугуевка'),
('Шмаковка'),
('Южно-Морской'),
('Ярославка');

-- -------------------- --
-- Справочник маршрутов --
-- -------------------- --
INSERT INTO route (route_number, `from`, `to`, distance_km)
VALUES
('547', 1, 2, 234), 
('520', 1, 2, 249),
('205МП', 1, 3, 29),
('504', 1, 4, 30),
('542', 1, 5, 513),
('536', 1, 6, 93),
('503', 1, 7, 494),
('224', 1, 8, 48),
('521', 1, 9, 212),
('514', 1, 10, 215),
('528', 1, 11, 233),
('511', 1, 12, 367),
('509', 1, 13, 494),
('545', 1, 14, 129),
('506', 1, 15, 189),
('531', 1, 16, 482),
('530', 1, 17, 147),
('532', 1, 18, 449),
('513', 1, 19, 179),
('525', 1, 20, 200),
('519', 1, 21, 176),
('526', 1, 22, 183),
('502', 1, 23, 230),
('515', 1, 24, 781),
('537', 1, 25, 102),
('546', 1, 25, 107),
('501', 1, 25, 103),
('512', 1, 26, 188),
('524', 1, 27, 191),
('529', 1, 28, 320),
('516', 1, 29, 321),
('544', 1, 30, 173),
('517', 1, 31, 184);

-- -------------------- --
-- Расписание маршрутов --
-- -------------------- --
INSERT INTO route_schedule (route_number, departure_time, arrival_time)
VALUES
('547', '1000-01-01 10:20:00', '1000-01-01 14:28:00'),
('547', '1000-01-01 15:45:00', '1000-01-01 19:53:00'),
('547', '1000-01-01 17:30:00', '1000-01-01 21:38:00'),
('547', '1000-01-01 19:20:00', '1000-01-01 23:28:00'),
('547', '1000-01-01 21:55:00', '1000-01-01 02:03:00'),
('520', '1000-01-01 09:30:00', '1000-01-01 14:35:00'),
('520', '1000-01-01 13:00:00', '1000-01-01 18:06:00'),
('547', '1000-01-01 14:00:00', '1000-01-01 18:00:00'),
('205МП', '1000-01-01 08:25:00', '1000-01-01 09:14:00'),
('205МП', '1000-01-01 10:55:00', '1000-01-01 11:44:00'),
('205МП', '1000-01-01 12:05:00', '1000-01-01 12:54:00'),
('205МП', '1000-01-01 15:00:00', '1000-01-01 15:49:00'),
('205МП', '1000-01-01 18:00:00', '1000-01-01 18:49:00'),
('205МП', '1000-01-01 09:00:00', '1000-01-01 10:10:00'),
('504', '1000-01-01 07:30:00', '1000-01-01 09:01:00'),
('504', '1000-01-01 14:10:00', '1000-01-01 16:41:00'),
('504', '1000-01-01 09:20:00', '1000-01-01 11:51:00'),
('504', '1000-01-01 17:00:00', '1000-01-01 19:31:00'),
('504', '1000-01-01 17:30:00', '1000-01-01 20:01:00'),
('504', '1000-01-01 10:15:00', '1000-01-01 12:46:00'),
('504', '1000-01-01 11:25:00', '1000-01-01 13:56:00'),
('504', '1000-01-01 13:10:00', '1000-01-01 15:41:00'),
('504', '1000-01-01 15:55:00', '1000-01-01 18:26:00'),
('504', '1000-01-01 18:50:00', '1000-01-01 21:21:00'),
('504', '1000-01-01 19:35:00', '1000-01-01 22:06:00'),
('542', '1000-01-01 09:40:00', '1000-01-01 21:14:00'),
('536', '1000-01-01 15:10:00', '1000-01-01 20:20:00'),
('503', '1000-01-01 19:30:00', '1000-01-01 06:08:00'),
('503', '1000-01-01 21:30:00', '1000-01-01 08:08:00'),
('503', '1000-01-01 14:30:00', '1000-01-01 01:08:00'),
('503', '1000-01-01 08:30:00', '1000-01-01 19:08:00'),
('224', '1000-01-01 07:10:00', '1000-01-01 08:56:00'),
('224', '1000-01-01 12:35:00', '1000-01-01 14:21:00'),
('224', '1000-01-01 17:30:00', '1000-01-01 19:16:00'),
('224', '1000-01-01 18:30:00', '1000-01-01 20:16:00'),
('521', '1000-01-01 07:30:00', '1000-01-01 12:25:00'),
('521', '1000-01-01 14:00:00', '1000-01-01 18:55:00'),
('514', '1000-01-01 14:20:00', '1000-01-01 18:38:00'),
('514', '1000-01-01 07:50:00', '1000-01-01 12:08:00'),
('514', '1000-01-01 16:05:00', '1000-01-01 20:23:00'),
('528', '1000-01-01 12:30:00', '1000-01-01 18:00:00'),
('528', '1000-01-01 17:30:00', '1000-01-01 23:00:00'),
('511', '1000-01-01 13:35:00', '1000-01-01 20:59:00'),
('511', '1000-01-01 11:20:00', '1000-01-01 18:44:00'),
('509', '1000-01-01 12:40:00', '1000-01-01 22:00:00'),
('509', '1000-01-01 19:40:00', '1000-01-01 05:00:00'),
('545', '1000-01-01 15:55:00', '1000-01-01 18:05:00'),
('506', '1000-01-01 07:00:00', '1000-01-01 11:15:00'),
('506', '1000-01-01 07:40:00', '1000-01-01 11:55:00'),
('506', '1000-01-01 08:10:00', '1000-01-01 12:25:00'),
('506', '1000-01-01 08:40:00', '1000-01-01 12:55:00'),
('506', '1000-01-01 09:10:00', '1000-01-01 13:25:00'),
('506', '1000-01-01 09:40:00', '1000-01-01 13:55:00'),
('506', '1000-01-01 10:10:00', '1000-01-01 14:25:00'),
('506', '1000-01-01 10:40:00', '1000-01-01 14:55:00'),
('506', '1000-01-01 11:15:00', '1000-01-01 15:30:00'),
('506', '1000-01-01 11:45:00', '1000-01-01 16:00:00'),
('506', '1000-01-01 12:15:00', '1000-01-01 16:30:00'),
('506', '1000-01-01 12:45:00', '1000-01-01 17:00:00'),
('506', '1000-01-01 14:30:00', '1000-01-01 18:45:00'),
('506', '1000-01-01 15:10:00', '1000-01-01 19:25:00'),
('506', '1000-01-01 15:45:00', '1000-01-01 20:00:00'),
('506', '1000-01-01 16:20:00', '1000-01-01 20:35:00'),
('506', '1000-01-01 16:55:00', '1000-01-01 21:10:00'),
('506', '1000-01-01 13:20:00', '1000-01-01 17:35:00'),
('506', '1000-01-01 13:55:00', '1000-01-01 18:10:00'),
('506', '1000-01-01 18:05:00', '1000-01-01 22:20:00'),
('506', '1000-01-01 18:40:00', '1000-01-01 22:55:00'),
('506', '1000-01-01 19:10:00', '1000-01-01 23:25:00'),
('506', '1000-01-01 19:50:00', '1000-01-01 00:05:00'),
('531', '1000-01-01 11:45:00', '1000-01-01 21:12:00'),
('530', '1000-01-01 10:15:00', '1000-01-01 13:50:00'),
('530', '1000-01-01 18:20:00', '1000-01-01 21:55:00'),
('532', '1000-01-01 11:40:00', '1000-01-01 21:50:00'),
('532', '1000-01-01 18:30:00', '1000-01-01 06:13:00'),
('513', '1000-01-01 09:30:00', '1000-01-01 13:15:00'),
('513', '1000-01-01 15:00:00', '1000-01-01 18:45:00'),
('513', '1000-01-01 17:35:00', '1000-01-01 21:20:00'),
('513', '1000-01-01 18:15:00', '1000-01-01 22:00:00'),
('525', '1000-01-01 08:50:00', '1000-01-01 13:40:00'),
('525', '1000-01-01 17:10:00', '1000-01-01 22:00:00'),
('519', '1000-01-01 06:30:00', '1000-01-01 13:10:00'),
('526', '1000-01-01 09:15:00', '1000-01-01 13:05:00'),
('502', '1000-01-01 10:30:00', '1000-01-01 15:40:00'),
('502', '1000-01-01 14:30:00', '1000-01-01 19:40:00'),
('502', '1000-01-01 15:45:00', '1000-01-01 20:55:00'),
('502', '1000-01-01 17:00:00', '1000-01-01 22:10:00'),
('502', '1000-01-01 19:00:00', '1000-01-01 00:10:00'),
('502', '1000-01-01 21:30:00', '1000-01-01 02:40:00'),
('502', '1000-01-01 15:10:00', '1000-01-01 20:20:00'),
('502', '1000-01-01 17:30:00', '1000-01-01 22:40:00'),
('515', '1000-01-01 07:00:00', '1000-01-01 21:43:00'),
('515', '1000-01-01 15:30:00', '1000-01-01 06:13:00'),
('537', '1000-01-01 13:45:00', '1000-01-01 15:35:00'),
('501', '1000-01-01 09:50:00', '1000-01-01 11:40:00'),
('501', '1000-01-01 10:50:00', '1000-01-01 12:40:00'),
('501', '1000-01-01 11:30:00', '1000-01-01 13:20:00'),
('501', '1000-01-01 12:05:00', '1000-01-01 13:55:00'),
('501', '1000-01-01 16:45:00', '1000-01-01 18:35:00'),
('501', '1000-01-01 17:55:00', '1000-01-01 19:45:00'),
('501', '1000-01-01 18:35:00', '1000-01-01 20:25:00'),
('501', '1000-01-01 19:10:00', '1000-01-01 21:00:00'),
('501', '1000-01-01 06:50:00', '1000-01-01 08:40:00'),
('501', '1000-01-01 14:10:00', '1000-01-01 16:00:00'),
('512', '1000-01-01 09:30:00', '1000-01-01 13:10:00'),
('524', '1000-01-01 13:10:00', '1000-01-01 17:19:00'),
('529', '1000-01-01 16:30:00', '1000-01-01 23:07:00'),
('516', '1000-01-01 08:20:00', '1000-01-01 14:53:00'),
('544', '1000-01-01 18:10:00', '1000-01-01 22:04:00'),
('517', '1000-01-01 10:25:00', '1000-01-01 14:04:00'),
('517', '1000-01-01 16:20:00', '1000-01-01 19:59:00'),
('517', '1000-01-01 17:45:00', '1000-01-01 21:24:00');

-- ---------------------------- --
-- Справочник моделей автобусов --
-- ---------------------------- --
INSERT INTO bus_model (model, seats_amount)
VALUES
('МАЗ-232', 35),
('НефАЗ-5299', 46),
('МАЗ-241', 22),
('Volvo 9500', 53),
('МАЗ-251', 49),
("MAN Lion\'s Intercity", 61),
('VolgaBus Дельта', 46),
('Daewoo BH117 Royal Cruistar II', 49),
('МАЗ-231', 51);